time	surge
[1.0,	1.00792951542],
[2.0,	1.0],
[3.0,	1.0],
[4.0,	1.0],
[5.0,	1.56929824561],
[6.0,	1.57733333333],
[7.0,	1.38266666667],
[8.0,	1.66238938053],
[9.0,	1.6399103139],
[10.0,	1.02088888889],
[11.0,	1.0],
[12.0,	1.0],
[13.0,	1.0],
[14.0,	1.03153153153],
[15.0,	1.27837837838],
[16.0,	1.41022222222],
[17.0,	1.27169811321],
[18.0,	1.3],
[19.0,	1.04391129816],
[20.0,	1.31875],
[21.0,	1.17822222222],
[22.0,	1.24185022026],
[23.0,	1.33964757709],
[24.0,	1.14203539823],
