time	surge
[12.0,	1.05022123894],
[13.0,	1.19246119734],
[14.0,	1.10440528634],
[15.0,	1.19943074004],
[16.0,	1.34641350211],
[17.0,	1.40309734513],
[18.0,	1.32170542636],
[19.0,	1.38155555556],
[20.0,	1.27538802661],
[21.0,	1.22283813747],
[22.0,	1.16430155211],
[23.0,	1.0],
[24.0,	1.0],
