time	surge
[12.0,	1.0],
[13.0,	1.0],
[14.0,	1.03153153153],
[15.0,	1.27837837838],
[16.0,	1.41022222222],
[17.0,	1.27169811321],
[18.0,	1.3],
[19.0,	1.20679270508],
[20.0,	1.31875],
[21.0,	1.17822222222],
[22.0,	1.24185022026],
[23.0,	1.33964757709],
[24.0,	1.14203539823],
